{
  "pose": {
    "Cx": -5.6425837810644515,
    "Cy": -4.551825297991442,
    "qw": 0.9849274060332143,
    "Cz": -4.610627798093864,
    "qx": -0.09316585158670984,
    "qy": 0.13042574127795856,
    "qz": 0.07548116867393354
  },
  "scale": 0.1909146770324367
}