{
  "pose": {
    "Cx": -12.095520933386876,
    "Cy": 4.101120908104943,
    "qw": 0.8972526361176268,
    "Cz": -10.533060801944226,
    "qx": 0.1031135176612871,
    "qy": 0.3460077078600009,
    "qz": 0.23781545772010948
  },
  "scale": 0.16720097885028642
}